{"acc": 0.9388520909399521, "loss": 0.08272726383659157, "_timestamp": 1724654901.4298203, "_runtime": 6.760547399520874, "_step": 27, "_wandb": {"runtime": 1}}