{"acc": 0.8687942649304028, "loss": 0.1308905117820506, "_timestamp": 1724674802.654779, "_runtime": 2.3245599269866943, "_step": 47, "_wandb": {"runtime": 1}}