{"acc": 0.9771981164823083, "loss": 0.02776275392486805, "_timestamp": 1724660972.0204835, "_runtime": 2.2855775356292725, "_step": 97, "_wandb": {"runtime": 1}}