{"acc": 0.8228219657665184, "loss": 0.16745879318357346, "_timestamp": 1724660993.4073713, "_runtime": 1.8377642631530762, "_step": 97, "_wandb": {"runtime": 1}}